{
  "best_metric": 0.4190380500478052,
  "best_model_checkpoint": "trained adapters/trained_adapters_roberta_en/respekt/checkpoint-1038",
  "epoch": 2.0,
  "global_step": 1038,
  "is_hyper_param_search": false,
  "is_local_process_zero": true,
  "is_world_process_zero": true,
  "log_history": [
    {
      "epoch": 1.0,
      "learning_rate": 9e-05,
      "loss": 1.2876,
      "step": 519
    },
    {
      "epoch": 1.0,
      "eval_accuracy": 0.9137214137214137,
      "eval_loss": 1.1494369506835938,
      "eval_macro_f1": 0.42300535275333684,
      "eval_precision": 0.4602221066420095,
      "eval_recall": 0.4388445160503984,
      "eval_report_csv": "              precision    recall  f1-score   support\n\n           0       0.95      0.97      0.96      1755\n           1       0.00      0.00      0.00        35\n           2       0.48      0.15      0.23        66\n           3       0.42      0.63      0.50        68\n\n    accuracy                           0.91      1924\n   macro avg       0.46      0.44      0.42      1924\nweighted avg       0.90      0.91      0.90      1924\n",
      "eval_report_dict": {
        "0": {
          "f1-score": 0.9592123769338959,
          "precision": 0.9472222222222222,
          "recall": 0.9715099715099715,
          "support": 1755.0
        },
        "1": {
          "f1-score": 0.0,
          "precision": 0.0,
          "recall": 0.0,
          "support": 35.0
        },
        "2": {
          "f1-score": 0.22988505747126436,
          "precision": 0.47619047619047616,
          "recall": 0.15151515151515152,
          "support": 66.0
        },
        "3": {
          "f1-score": 0.502923976608187,
          "precision": 0.4174757281553398,
          "recall": 0.6323529411764706,
          "support": 68.0
        },
        "accuracy": 0.9137214137214137,
        "macro avg": {
          "f1-score": 0.42300535275333684,
          "precision": 0.4602221066420095,
          "recall": 0.4388445160503984,
          "support": 1924.0
        },
        "weighted avg": {
          "f1-score": 0.9006179655516879,
          "precision": 0.8951101460203401,
          "recall": 0.9137214137214137,
          "support": 1924.0
        }
      },
      "eval_runtime": 5.0669,
      "eval_samples_per_second": 379.723,
      "eval_steps_per_second": 23.881,
      "step": 519
    },
    {
      "epoch": 2.0,
      "learning_rate": 8e-05,
      "loss": 1.1226,
      "step": 1038
    },
    {
      "epoch": 2.0,
      "eval_accuracy": 0.8565488565488566,
      "eval_loss": 1.1362149715423584,
      "eval_macro_f1": 0.4190380500478052,
      "eval_precision": 0.37633898885162786,
      "eval_recall": 0.5387146350381644,
      "eval_report_csv": "              precision    recall  f1-score   support\n\n           0       0.97      0.89      0.93      1755\n           1       0.00      0.00      0.00        35\n           2       0.25      0.48      0.33        66\n           3       0.29      0.78      0.42        68\n\n    accuracy                           0.86      1924\n   macro avg       0.38      0.54      0.42      1924\nweighted avg       0.90      0.86      0.87      1924\n",
      "eval_report_dict": {
        "0": {
          "f1-score": 0.9289747399702823,
          "precision": 0.970807453416149,
          "recall": 0.8905982905982905,
          "support": 1755.0
        },
        "1": {
          "f1-score": 0.0,
          "precision": 0.0,
          "recall": 0.0,
          "support": 35.0
        },
        "2": {
          "f1-score": 0.3282051282051282,
          "precision": 0.24806201550387597,
          "recall": 0.48484848484848486,
          "support": 66.0
        },
        "3": {
          "f1-score": 0.4189723320158103,
          "precision": 0.2864864864864865,
          "recall": 0.7794117647058824,
          "support": 68.0
        },
        "accuracy": 0.8565488565488566,
        "macro avg": {
          "f1-score": 0.4190380500478052,
          "precision": 0.37633898885162786,
          "recall": 0.5387146350381644,
          "support": 1924.0
        },
        "weighted avg": {
          "f1-score": 0.8734419572174943,
          "precision": 0.904168531626652,
          "recall": 0.8565488565488566,
          "support": 1924.0
        }
      },
      "eval_runtime": 5.0558,
      "eval_samples_per_second": 380.55,
      "eval_steps_per_second": 23.933,
      "step": 1038
    }
  ],
  "max_steps": 5190,
  "num_train_epochs": 10,
  "total_flos": 1736143223942400.0,
  "trial_name": null,
  "trial_params": null
}
