{
  "best_metric": 0.2744940326744133,
  "best_model_checkpoint": "trained_adapters_multi/vulg\u00e4r/checkpoint-1062",
  "epoch": 2.0,
  "global_step": 1062,
  "is_hyper_param_search": false,
  "is_local_process_zero": true,
  "is_world_process_zero": true,
  "log_history": [
    {
      "epoch": 1.0,
      "learning_rate": 9e-05,
      "loss": 1.3194,
      "step": 531
    },
    {
      "epoch": 1.0,
      "eval_accuracy": 0.8520408163265306,
      "eval_loss": 1.291951060295105,
      "eval_macro_f1": 0.27744262549043786,
      "eval_precision": 0.2752837273677077,
      "eval_recall": 0.2836710903873745,
      "eval_report_csv": "              precision    recall  f1-score   support\n\n           0       0.91      0.93      0.92      1768\n           1       0.13      0.18      0.15       102\n           2       0.00      0.00      0.00        49\n           3       0.05      0.02      0.03        41\n\n    accuracy                           0.85      1960\n   macro avg       0.28      0.28      0.28      1960\nweighted avg       0.83      0.85      0.84      1960\n",
      "eval_report_dict": {
        "0": {
          "f1-score": 0.9238947957470621,
          "precision": 0.9141749723145072,
          "recall": 0.9338235294117647,
          "support": 1768.0
        },
        "1": {
          "f1-score": 0.15254237288135594,
          "precision": 0.13432835820895522,
          "recall": 0.17647058823529413,
          "support": 102.0
        },
        "2": {
          "f1-score": 0.0,
          "precision": 0.0,
          "recall": 0.0,
          "support": 49.0
        },
        "3": {
          "f1-score": 0.03333333333333333,
          "precision": 0.05263157894736842,
          "recall": 0.024390243902439025,
          "support": 41.0
        },
        "accuracy": 0.8520408163265306,
        "macro avg": {
          "f1-score": 0.27744262549043786,
          "precision": 0.2752837273677077,
          "recall": 0.2836710903873745,
          "support": 1960.0
        },
        "weighted avg": {
          "f1-score": 0.8420265242762095,
          "precision": 0.8327146624113286,
          "recall": 0.8520408163265306,
          "support": 1960.0
        }
      },
      "eval_runtime": 19.7834,
      "eval_samples_per_second": 99.073,
      "eval_steps_per_second": 6.217,
      "step": 531
    },
    {
      "epoch": 2.0,
      "learning_rate": 8e-05,
      "loss": 1.2666,
      "step": 1062
    },
    {
      "epoch": 2.0,
      "eval_accuracy": 0.6505102040816326,
      "eval_loss": 1.1983449459075928,
      "eval_macro_f1": 0.2744940326744133,
      "eval_precision": 0.29698118551587194,
      "eval_recall": 0.38326463324541826,
      "eval_report_csv": "              precision    recall  f1-score   support\n\n           0       0.97      0.67      0.80      1768\n           1       0.12      0.76      0.21       102\n           2       0.03      0.02      0.02        49\n           3       0.07      0.07      0.07        41\n\n    accuracy                           0.65      1960\n   macro avg       0.30      0.38      0.27      1960\nweighted avg       0.88      0.65      0.73      1960\n",
      "eval_report_dict": {
        "0": {
          "f1-score": 0.7963951935914554,
          "precision": 0.9714983713355049,
          "recall": 0.6747737556561086,
          "support": 1768.0
        },
        "1": {
          "f1-score": 0.20689655172413793,
          "precision": 0.1196319018404908,
          "recall": 0.7647058823529411,
          "support": 102.0
        },
        "2": {
          "f1-score": 0.023255813953488372,
          "precision": 0.02702702702702703,
          "recall": 0.02040816326530612,
          "support": 49.0
        },
        "3": {
          "f1-score": 0.07142857142857142,
          "precision": 0.06976744186046512,
          "recall": 0.07317073170731707,
          "support": 41.0
        },
        "accuracy": 0.6505102040816326,
        "macro avg": {
          "f1-score": 0.2744940326744133,
          "precision": 0.29698118551587194,
          "recall": 0.38326463324541826,
          "support": 1960.0
        },
        "weighted avg": {
          "f1-score": 0.7312236004376772,
          "precision": 0.8846920224232174,
          "recall": 0.6505102040816326,
          "support": 1960.0
        }
      },
      "eval_runtime": 17.366,
      "eval_samples_per_second": 112.865,
      "eval_steps_per_second": 7.083,
      "step": 1062
    }
  ],
  "max_steps": 5310,
  "num_train_epochs": 10,
  "total_flos": 4547850387824640.0,
  "trial_name": null,
  "trial_params": null
}
