{
  "best_metric": 0.29746510853346253,
  "best_model_checkpoint": "trained adapters/trained_adapters_roberta_en/begr\u00fcndung/checkpoint-519",
  "epoch": 1.0,
  "global_step": 519,
  "is_hyper_param_search": false,
  "is_local_process_zero": true,
  "is_world_process_zero": true,
  "log_history": [
    {
      "epoch": 1.0,
      "learning_rate": 9e-05,
      "loss": 1.2938,
      "step": 519
    },
    {
      "epoch": 1.0,
      "eval_accuracy": 0.6751559251559252,
      "eval_loss": 1.1671074628829956,
      "eval_macro_f1": 0.29746510853346253,
      "eval_precision": 0.29371786518563425,
      "eval_recall": 0.38671117746926587,
      "eval_report_csv": "              precision    recall  f1-score   support\n\n           0       0.93      0.72      0.81      1567\n           1       0.00      0.00      0.00        84\n           2       0.00      0.00      0.00        61\n           3       0.25      0.83      0.38       212\n\n    accuracy                           0.68      1924\n   macro avg       0.29      0.39      0.30      1924\nweighted avg       0.78      0.68      0.70      1924\n",
      "eval_report_dict": {
        "0": {
          "f1-score": 0.80849532037437,
          "precision": 0.9273327828241124,
          "recall": 0.7166560306317805,
          "support": 1567.0
        },
        "1": {
          "f1-score": 0.0,
          "precision": 0.0,
          "recall": 0.0,
          "support": 84.0
        },
        "2": {
          "f1-score": 0.0,
          "precision": 0.0,
          "recall": 0.0,
          "support": 61.0
        },
        "3": {
          "f1-score": 0.38136511375948,
          "precision": 0.24753867791842477,
          "recall": 0.8301886792452831,
          "support": 212.0
        },
        "accuracy": 0.6751559251559252,
        "macro avg": {
          "f1-score": 0.29746510853346253,
          "precision": 0.29371786518563425,
          "recall": 0.38671117746926587,
          "support": 1924.0
        },
        "weighted avg": {
          "f1-score": 0.7004997771016879,
          "precision": 0.7825408889834149,
          "recall": 0.6751559251559252,
          "support": 1924.0
        }
      },
      "eval_runtime": 5.0623,
      "eval_samples_per_second": 380.066,
      "eval_steps_per_second": 23.902,
      "step": 519
    }
  ],
  "max_steps": 5190,
  "num_train_epochs": 10,
  "total_flos": 868071611971200.0,
  "trial_name": null,
  "trial_params": null
}
