{
  "best_metric": 0.42775803098801307,
  "best_model_checkpoint": "trained adapters/trained_adapters_roberta_en/schreien/checkpoint-519",
  "epoch": 1.0,
  "global_step": 519,
  "is_hyper_param_search": false,
  "is_local_process_zero": true,
  "is_world_process_zero": true,
  "log_history": [
    {
      "epoch": 1.0,
      "learning_rate": 9e-05,
      "loss": 1.3021,
      "step": 519
    },
    {
      "epoch": 1.0,
      "eval_accuracy": 0.8716216216216216,
      "eval_loss": 1.1162883043289185,
      "eval_macro_f1": 0.42775803098801307,
      "eval_precision": 0.4366834611807936,
      "eval_recall": 0.4775970411042477,
      "eval_report_csv": "              precision    recall  f1-score   support\n\n           0       0.94      0.95      0.94      1674\n           1       0.42      0.17      0.25        75\n           2       0.00      0.00      0.00        81\n           3       0.39      0.79      0.52        94\n\n    accuracy                           0.87      1924\n   macro avg       0.44      0.48      0.43      1924\nweighted avg       0.85      0.87      0.86      1924\n",
      "eval_report_dict": {
        "0": {
          "f1-score": 0.9427809072042692,
          "precision": 0.9358446144791054,
          "recall": 0.9498207885304659,
          "support": 1674.0
        },
        "1": {
          "f1-score": 0.2452830188679245,
          "precision": 0.41935483870967744,
          "recall": 0.17333333333333334,
          "support": 75.0
        },
        "2": {
          "f1-score": 0.0,
          "precision": 0.0,
          "recall": 0.0,
          "support": 81.0
        },
        "3": {
          "f1-score": 0.5229681978798586,
          "precision": 0.3915343915343915,
          "recall": 0.7872340425531915,
          "support": 94.0
        },
        "accuracy": 0.8716216216216216,
        "macro avg": {
          "f1-score": 0.42775803098801307,
          "precision": 0.4366834611807936,
          "recall": 0.4775970411042477,
          "support": 1924.0
        },
        "weighted avg": {
          "f1-score": 0.85539006012253,
          "precision": 0.8497191945662583,
          "recall": 0.8716216216216216,
          "support": 1924.0
        }
      },
      "eval_runtime": 5.0624,
      "eval_samples_per_second": 380.056,
      "eval_steps_per_second": 23.902,
      "step": 519
    }
  ],
  "max_steps": 5190,
  "num_train_epochs": 10,
  "total_flos": 868071611971200.0,
  "trial_name": null,
  "trial_params": null
}
