{
  "best_metric": 0.31130908429972515,
  "best_model_checkpoint": "trained adapters/trained_adapters_roberta_en/themenbezug/checkpoint-519",
  "epoch": 1.0,
  "global_step": 519,
  "is_hyper_param_search": false,
  "is_local_process_zero": true,
  "is_world_process_zero": true,
  "log_history": [
    {
      "epoch": 1.0,
      "learning_rate": 9e-05,
      "loss": 1.3644,
      "step": 519
    },
    {
      "epoch": 1.0,
      "eval_accuracy": 0.340956340956341,
      "eval_loss": 1.303208827972412,
      "eval_macro_f1": 0.31130908429972515,
      "eval_precision": 0.3591639237575349,
      "eval_recall": 0.36924167174895245,
      "eval_report_csv": "              precision    recall  f1-score   support\n\n           0       0.28      0.64      0.39       287\n           1       0.20      0.14      0.16       280\n           2       0.21      0.41      0.28       352\n           3       0.74      0.29      0.41      1005\n\n    accuracy                           0.34      1924\n   macro avg       0.36      0.37      0.31      1924\nweighted avg       0.50      0.34      0.35      1924\n",
      "eval_report_dict": {
        "0": {
          "f1-score": 0.3911205073995772,
          "precision": 0.28072837632776937,
          "recall": 0.6445993031358885,
          "support": 287.0
        },
        "1": {
          "f1-score": 0.1630901287553648,
          "precision": 0.20430107526881722,
          "recall": 0.1357142857142857,
          "support": 280.0
        },
        "2": {
          "f1-score": 0.2763915547024952,
          "precision": 0.20869565217391303,
          "recall": 0.4090909090909091,
          "support": 352.0
        },
        "3": {
          "f1-score": 0.41463414634146345,
          "precision": 0.7429305912596401,
          "recall": 0.28756218905472636,
          "support": 1005.0
        },
        "accuracy": 0.340956340956341,
        "macro avg": {
          "f1-score": 0.31130908429972515,
          "precision": 0.3591639237575349,
          "recall": 0.36924167174895245,
          "support": 1924.0
        },
        "weighted avg": {
          "f1-score": 0.3492276330580197,
          "precision": 0.497858346602128,
          "recall": 0.340956340956341,
          "support": 1924.0
        }
      },
      "eval_runtime": 5.0679,
      "eval_samples_per_second": 379.641,
      "eval_steps_per_second": 23.876,
      "step": 519
    }
  ],
  "max_steps": 5190,
  "num_train_epochs": 10,
  "total_flos": 868071611971200.0,
  "trial_name": null,
  "trial_params": null
}
