{
  "best_metric": 0.24236743438671665,
  "best_model_checkpoint": "trained adapters/trained_adapters_roberta_en/bezugpers\u00f6nlich/checkpoint-519",
  "epoch": 1.0,
  "global_step": 519,
  "is_hyper_param_search": false,
  "is_local_process_zero": true,
  "is_world_process_zero": true,
  "log_history": [
    {
      "epoch": 1.0,
      "learning_rate": 9e-05,
      "loss": 1.3655,
      "step": 519
    },
    {
      "epoch": 1.0,
      "eval_accuracy": 0.9407484407484408,
      "eval_loss": 1.3421869277954102,
      "eval_macro_f1": 0.24236743438671665,
      "eval_precision": 0.2351871101871102,
      "eval_recall": 0.25,
      "eval_report_csv": "              precision    recall  f1-score   support\n\n           0       0.94      1.00      0.97      1810\n           1       0.00      0.00      0.00        27\n           2       0.00      0.00      0.00        18\n           3       0.00      0.00      0.00        69\n\n    accuracy                           0.94      1924\n   macro avg       0.24      0.25      0.24      1924\nweighted avg       0.89      0.94      0.91      1924\n",
      "eval_report_dict": {
        "0": {
          "f1-score": 0.9694697375468666,
          "precision": 0.9407484407484408,
          "recall": 1.0,
          "support": 1810.0
        },
        "1": {
          "f1-score": 0.0,
          "precision": 0.0,
          "recall": 0.0,
          "support": 27.0
        },
        "2": {
          "f1-score": 0.0,
          "precision": 0.0,
          "recall": 0.0,
          "support": 18.0
        },
        "3": {
          "f1-score": 0.0,
          "precision": 0.0,
          "recall": 0.0,
          "support": 69.0
        },
        "accuracy": 0.9407484407484408,
        "macro avg": {
          "f1-score": 0.24236743438671665,
          "precision": 0.2351871101871102,
          "recall": 0.25,
          "support": 1924.0
        },
        "weighted avg": {
          "f1-score": 0.9120271439500148,
          "precision": 0.8850076287706224,
          "recall": 0.9407484407484408,
          "support": 1924.0
        }
      },
      "eval_runtime": 5.0583,
      "eval_samples_per_second": 380.365,
      "eval_steps_per_second": 23.921,
      "step": 519
    }
  ],
  "max_steps": 5190,
  "num_train_epochs": 10,
  "total_flos": 868071611971200.0,
  "trial_name": null,
  "trial_params": null
}
