{
  "best_metric": 0.3841756977199396,
  "best_model_checkpoint": "trained_adapters_multi/storytelling/checkpoint-531",
  "epoch": 1.0,
  "global_step": 531,
  "is_hyper_param_search": false,
  "is_local_process_zero": true,
  "is_world_process_zero": true,
  "log_history": [
    {
      "epoch": 1.0,
      "learning_rate": 9e-05,
      "loss": 1.1615,
      "step": 531
    },
    {
      "epoch": 1.0,
      "eval_accuracy": 0.7964285714285714,
      "eval_loss": 0.9156911969184875,
      "eval_macro_f1": 0.3841756977199396,
      "eval_precision": 0.35636976257044406,
      "eval_recall": 0.49488379666973414,
      "eval_report_csv": "              precision    recall  f1-score   support\n\n           0       0.97      0.84      0.90      1780\n           1       0.09      0.21      0.12        86\n           2       0.12      0.17      0.14        48\n           3       0.24      0.76      0.37        46\n\n    accuracy                           0.80      1960\n   macro avg       0.36      0.49      0.38      1960\nweighted avg       0.89      0.80      0.84      1960\n",
      "eval_report_dict": {
        "0": {
          "f1-score": 0.9017132551848511,
          "precision": 0.9696186166774402,
          "recall": 0.8426966292134831,
          "support": 1780.0
        },
        "1": {
          "f1-score": 0.12371134020618556,
          "precision": 0.08780487804878048,
          "recall": 0.20930232558139536,
          "support": 86.0
        },
        "2": {
          "f1-score": 0.14285714285714288,
          "precision": 0.125,
          "recall": 0.16666666666666666,
          "support": 48.0
        },
        "3": {
          "f1-score": 0.3684210526315789,
          "precision": 0.24305555555555555,
          "recall": 0.7608695652173914,
          "support": 46.0
        },
        "accuracy": 0.7964285714285714,
        "macro avg": {
          "f1-score": 0.3841756977199396,
          "precision": 0.35636976257044406,
          "recall": 0.49488379666973414,
          "support": 1960.0
        },
        "weighted avg": {
          "f1-score": 0.8364761636555931,
          "precision": 0.8931902616089767,
          "recall": 0.7964285714285714,
          "support": 1960.0
        }
      },
      "eval_runtime": 17.5452,
      "eval_samples_per_second": 111.711,
      "eval_steps_per_second": 7.01,
      "step": 531
    }
  ],
  "max_steps": 5310,
  "num_train_epochs": 10,
  "total_flos": 2273925193912320.0,
  "trial_name": null,
  "trial_params": null
}
