{
  "best_metric": 0.4014471208049908,
  "best_model_checkpoint": "trained_adapters_multi/frage/checkpoint-531",
  "epoch": 1.0,
  "global_step": 531,
  "is_hyper_param_search": false,
  "is_local_process_zero": true,
  "is_world_process_zero": true,
  "log_history": [
    {
      "epoch": 1.0,
      "learning_rate": 9e-05,
      "loss": 1.0846,
      "step": 531
    },
    {
      "epoch": 1.0,
      "eval_accuracy": 0.8535714285714285,
      "eval_loss": 0.9478436708450317,
      "eval_macro_f1": 0.4014471208049908,
      "eval_precision": 0.3656457654157589,
      "eval_recall": 0.5072938394168863,
      "eval_report_csv": "              precision    recall  f1-score   support\n\n           0       0.99      0.90      0.95      1747\n           1       0.16      0.29      0.21        76\n           2       0.00      0.00      0.00        52\n           3       0.31      0.84      0.45        85\n\n    accuracy                           0.85      1960\n   macro avg       0.37      0.51      0.40      1960\nweighted avg       0.90      0.85      0.87      1960\n",
      "eval_report_dict": {
        "0": {
          "f1-score": 0.9455415918611609,
          "precision": 0.9905956112852664,
          "recall": 0.9044075558099599,
          "support": 1747.0
        },
        "1": {
          "f1-score": 0.20657276995305163,
          "precision": 0.16058394160583941,
          "recall": 0.2894736842105263,
          "support": 76.0
        },
        "2": {
          "f1-score": 0.0,
          "precision": 0.0,
          "recall": 0.0,
          "support": 52.0
        },
        "3": {
          "f1-score": 0.45367412140575075,
          "precision": 0.31140350877192985,
          "recall": 0.8352941176470589,
          "support": 85.0
        },
        "accuracy": 0.8535714285714285,
        "macro avg": {
          "f1-score": 0.4014471208049908,
          "precision": 0.3656457654157589,
          "recall": 0.5072938394168863,
          "support": 1960.0
        },
        "weighted avg": {
          "f1-score": 0.8704709141925351,
          "precision": 0.9026756177158257,
          "recall": 0.8535714285714285,
          "support": 1960.0
        }
      },
      "eval_runtime": 14.9758,
      "eval_samples_per_second": 130.878,
      "eval_steps_per_second": 8.213,
      "step": 531
    }
  ],
  "max_steps": 5310,
  "num_train_epochs": 10,
  "total_flos": 2273925193912320.0,
  "trial_name": null,
  "trial_params": null
}
