{
  "best_metric": 0.5081884707738059,
  "best_model_checkpoint": "trained adapters/trained_adapters_roberta_en/anrede/checkpoint-1557",
  "epoch": 3.0,
  "global_step": 1557,
  "is_hyper_param_search": false,
  "is_local_process_zero": true,
  "is_world_process_zero": true,
  "log_history": [
    {
      "epoch": 1.0,
      "learning_rate": 9e-05,
      "loss": 1.2141,
      "step": 519
    },
    {
      "epoch": 1.0,
      "eval_accuracy": 0.9833679833679834,
      "eval_loss": 0.780517041683197,
      "eval_macro_f1": 0.5142250521080923,
      "eval_precision": 0.5656072407144307,
      "eval_recall": 0.478633901616054,
      "eval_report_csv": "              precision    recall  f1-score   support\n\n           0       0.99      1.00      0.99      1877\n           1       0.00      0.00      0.00         7\n           2       0.46      0.38      0.41        16\n           3       0.81      0.54      0.65        24\n\n    accuracy                           0.98      1924\n   macro avg       0.57      0.48      0.51      1924\nweighted avg       0.98      0.98      0.98      1924\n",
      "eval_report_dict": {
        "0": {
          "f1-score": 0.9931071049840933,
          "precision": 0.9883905013192612,
          "recall": 0.9978689397975493,
          "support": 1877.0
        },
        "1": {
          "f1-score": 0.0,
          "precision": 0.0,
          "recall": 0.0,
          "support": 7.0
        },
        "2": {
          "f1-score": 0.41379310344827586,
          "precision": 0.46153846153846156,
          "recall": 0.375,
          "support": 16.0
        },
        "3": {
          "f1-score": 0.65,
          "precision": 0.8125,
          "recall": 0.5416666666666666,
          "support": 24.0
        },
        "accuracy": 0.9833679833679834,
        "macro avg": {
          "f1-score": 0.5142250521080923,
          "precision": 0.5656072407144307,
          "recall": 0.478633901616054,
          "support": 1924.0
        },
        "weighted avg": {
          "f1-score": 0.9803964270843635,
          "precision": 0.9782191197301813,
          "recall": 0.9833679833679834,
          "support": 1924.0
        }
      },
      "eval_runtime": 5.0592,
      "eval_samples_per_second": 380.295,
      "eval_steps_per_second": 23.917,
      "step": 519
    },
    {
      "epoch": 2.0,
      "learning_rate": 8e-05,
      "loss": 0.8984,
      "step": 1038
    },
    {
      "epoch": 2.0,
      "eval_accuracy": 0.9823284823284824,
      "eval_loss": 0.8270162343978882,
      "eval_macro_f1": 0.5339828953135273,
      "eval_precision": 0.5239151382243488,
      "eval_recall": 0.5452767048481619,
      "eval_report_csv": "              precision    recall  f1-score   support\n\n           0       0.99      0.99      0.99      1877\n           1       0.00      0.00      0.00         7\n           2       0.44      0.44      0.44        16\n           3       0.67      0.75      0.71        24\n\n    accuracy                           0.98      1924\n   macro avg       0.52      0.55      0.53      1924\nweighted avg       0.98      0.98      0.98      1924\n",
      "eval_report_dict": {
        "0": {
          "f1-score": 0.9925492283129324,
          "precision": 0.9914938862307283,
          "recall": 0.9936068193926478,
          "support": 1877.0
        },
        "1": {
          "f1-score": 0.0,
          "precision": 0.0,
          "recall": 0.0,
          "support": 7.0
        },
        "2": {
          "f1-score": 0.4375,
          "precision": 0.4375,
          "recall": 0.4375,
          "support": 16.0
        },
        "3": {
          "f1-score": 0.7058823529411765,
          "precision": 0.6666666666666666,
          "recall": 0.75,
          "support": 24.0
        },
        "accuracy": 0.9823284823284824,
        "macro avg": {
          "f1-score": 0.5339828953135273,
          "precision": 0.5239151382243488,
          "recall": 0.5452767048481619,
          "support": 1924.0
        },
        "weighted avg": {
          "f1-score": 0.9807464022941592,
          "precision": 0.9792276634381898,
          "recall": 0.9823284823284824,
          "support": 1924.0
        }
      },
      "eval_runtime": 5.0559,
      "eval_samples_per_second": 380.545,
      "eval_steps_per_second": 23.932,
      "step": 1038
    },
    {
      "epoch": 3.0,
      "learning_rate": 7e-05,
      "loss": 0.8424,
      "step": 1557
    },
    {
      "epoch": 3.0,
      "eval_accuracy": 0.9797297297297297,
      "eval_loss": 0.6868337988853455,
      "eval_macro_f1": 0.5081884707738059,
      "eval_precision": 0.495044193077756,
      "eval_recall": 0.524043797726869,
      "eval_report_csv": "              precision    recall  f1-score   support\n\n           0       0.99      0.99      0.99      1877\n           1       0.00      0.00      0.00         7\n           2       0.44      0.44      0.44        16\n           3       0.55      0.67      0.60        24\n\n    accuracy                           0.98      1924\n   macro avg       0.50      0.52      0.51      1924\nweighted avg       0.98      0.98      0.98      1924\n",
      "eval_report_dict": {
        "0": {
          "f1-score": 0.9914802981895634,
          "precision": 0.9909526343799894,
          "recall": 0.9920085242408098,
          "support": 1877.0
        },
        "1": {
          "f1-score": 0.0,
          "precision": 0.0,
          "recall": 0.0,
          "support": 7.0
        },
        "2": {
          "f1-score": 0.4375,
          "precision": 0.4375,
          "recall": 0.4375,
          "support": 16.0
        },
        "3": {
          "f1-score": 0.6037735849056604,
          "precision": 0.5517241379310345,
          "recall": 0.6666666666666666,
          "support": 24.0
        },
        "accuracy": 0.9797297297297297,
        "macro avg": {
          "f1-score": 0.5081884707738059,
          "precision": 0.495044193077756,
          "recall": 0.524043797726869,
          "support": 1924.0
        },
        "weighted avg": {
          "f1-score": 0.9784298782430074,
          "precision": 0.9772658388989527,
          "recall": 0.9797297297297297,
          "support": 1924.0
        }
      },
      "eval_runtime": 5.0551,
      "eval_samples_per_second": 380.608,
      "eval_steps_per_second": 23.936,
      "step": 1557
    }
  ],
  "max_steps": 5190,
  "num_train_epochs": 10,
  "total_flos": 2604214835913600.0,
  "trial_name": null,
  "trial_params": null
}
