{
  "best_metric": 0.30419526241333994,
  "best_model_checkpoint": "trained_adapters_multi/l\u00f6sungsvorschlag/checkpoint-531",
  "epoch": 1.0,
  "global_step": 531,
  "is_hyper_param_search": false,
  "is_local_process_zero": true,
  "is_world_process_zero": true,
  "log_history": [
    {
      "epoch": 1.0,
      "learning_rate": 9e-05,
      "loss": 1.2529,
      "step": 531
    },
    {
      "epoch": 1.0,
      "eval_accuracy": 0.7602040816326531,
      "eval_loss": 1.2960172891616821,
      "eval_macro_f1": 0.30419526241333994,
      "eval_precision": 0.33365939615939616,
      "eval_recall": 0.32095227177194385,
      "eval_report_csv": "              precision    recall  f1-score   support\n\n           0       0.90      0.85      0.87      1677\n           1       0.18      0.38      0.25       183\n           2       0.00      0.00      0.00        67\n           3       0.25      0.06      0.10        33\n\n    accuracy                           0.76      1960\n   macro avg       0.33      0.32      0.30      1960\nweighted avg       0.79      0.76      0.77      1960\n",
      "eval_report_dict": {
        "0": {
          "f1-score": 0.8732307692307693,
          "precision": 0.9020979020979021,
          "recall": 0.8461538461538461,
          "support": 1677.0
        },
        "1": {
          "f1-score": 0.2459893048128342,
          "precision": 0.18253968253968253,
          "recall": 0.3770491803278688,
          "support": 183.0
        },
        "2": {
          "f1-score": 0.0,
          "precision": 0.0,
          "recall": 0.0,
          "support": 67.0
        },
        "3": {
          "f1-score": 0.0975609756097561,
          "precision": 0.25,
          "recall": 0.06060606060606061,
          "support": 33.0
        },
        "accuracy": 0.7602040816326531,
        "macro avg": {
          "f1-score": 0.30419526241333994,
          "precision": 0.33365939615939616,
          "recall": 0.32095227177194385,
          "support": 1960.0
        },
        "weighted avg": {
          "f1-score": 0.7717569158040157,
          "precision": 0.7930984406749713,
          "recall": 0.7602040816326531,
          "support": 1960.0
        }
      },
      "eval_runtime": 14.9926,
      "eval_samples_per_second": 130.731,
      "eval_steps_per_second": 8.204,
      "step": 531
    }
  ],
  "max_steps": 5310,
  "num_train_epochs": 10,
  "total_flos": 2273925193912320.0,
  "trial_name": null,
  "trial_params": null
}
