{
  "best_metric": 0.262721632292714,
  "best_model_checkpoint": "trained_adapters_multi/diskriminierung/checkpoint-531",
  "epoch": 1.0,
  "global_step": 531,
  "is_hyper_param_search": false,
  "is_local_process_zero": true,
  "is_world_process_zero": true,
  "log_history": [
    {
      "epoch": 1.0,
      "learning_rate": 9e-05,
      "loss": 1.3655,
      "step": 531
    },
    {
      "epoch": 1.0,
      "eval_accuracy": 0.9030612244897959,
      "eval_loss": 1.246940016746521,
      "eval_macro_f1": 0.262721632292714,
      "eval_precision": 0.25321782666114756,
      "eval_recall": 0.2787472647702407,
      "eval_report_csv": "              precision    recall  f1-score   support\n\n           0       0.94      0.96      0.95      1828\n           1       0.00      0.00      0.00        58\n           2       0.00      0.00      0.00        34\n           3       0.07      0.15      0.10        40\n\n    accuracy                           0.90      1960\n   macro avg       0.25      0.28      0.26      1960\nweighted avg       0.88      0.90      0.89      1960\n",
      "eval_report_dict": {
        "0": {
          "f1-score": 0.9517129754518479,
          "precision": 0.9387972325705163,
          "recall": 0.9649890590809628,
          "support": 1828.0
        },
        "1": {
          "f1-score": 0.0,
          "precision": 0.0,
          "recall": 0.0,
          "support": 58.0
        },
        "2": {
          "f1-score": 0.0,
          "precision": 0.0,
          "recall": 0.0,
          "support": 34.0
        },
        "3": {
          "f1-score": 0.09917355371900825,
          "precision": 0.07407407407407407,
          "recall": 0.15,
          "support": 40.0
        },
        "accuracy": 0.9030612244897959,
        "macro avg": {
          "f1-score": 0.262721632292714,
          "precision": 0.25321782666114756,
          "recall": 0.2787472647702407,
          "support": 1960.0
        },
        "weighted avg": {
          "f1-score": 0.8896419700381318,
          "precision": 0.8770838286234014,
          "recall": 0.9030612244897959,
          "support": 1960.0
        }
      },
      "eval_runtime": 41.9968,
      "eval_samples_per_second": 46.67,
      "eval_steps_per_second": 2.929,
      "step": 531
    }
  ],
  "max_steps": 5310,
  "num_train_epochs": 10,
  "total_flos": 2273925193912320.0,
  "trial_name": null,
  "trial_params": null
}
