{
  "best_metric": 0.38903025162567145,
  "best_model_checkpoint": "trained adapters/trained_adapters_roberta_en/bezugmedium/checkpoint-519",
  "epoch": 1.0,
  "global_step": 519,
  "is_hyper_param_search": false,
  "is_local_process_zero": true,
  "is_world_process_zero": true,
  "log_history": [
    {
      "epoch": 1.0,
      "learning_rate": 9e-05,
      "loss": 1.2982,
      "step": 519
    },
    {
      "epoch": 1.0,
      "eval_accuracy": 0.9272349272349273,
      "eval_loss": 1.1323438882827759,
      "eval_macro_f1": 0.38903025162567145,
      "eval_precision": 0.37834925988382984,
      "eval_recall": 0.4010509778427867,
      "eval_report_csv": "              precision    recall  f1-score   support\n\n           0       0.96      0.97      0.96      1758\n           1       0.00      0.00      0.00        26\n           2       0.00      0.00      0.00        14\n           3       0.56      0.63      0.59       126\n\n    accuracy                           0.93      1924\n   macro avg       0.38      0.40      0.39      1924\nweighted avg       0.91      0.93      0.92      1924\n",
      "eval_report_dict": {
        "0": {
          "f1-score": 0.9635284139100933,
          "precision": 0.9578414839797639,
          "recall": 0.9692832764505119,
          "support": 1758.0
        },
        "1": {
          "f1-score": 0.0,
          "precision": 0.0,
          "recall": 0.0,
          "support": 26.0
        },
        "2": {
          "f1-score": 0.0,
          "precision": 0.0,
          "recall": 0.0,
          "support": 14.0
        },
        "3": {
          "f1-score": 0.5925925925925926,
          "precision": 0.5555555555555556,
          "recall": 0.6349206349206349,
          "support": 126.0
        },
        "accuracy": 0.9272349272349273,
        "macro avg": {
          "f1-score": 0.38903025162567145,
          "precision": 0.37834925988382984,
          "recall": 0.4010509778427867,
          "support": 1924.0
        },
        "weighted avg": {
          "f1-score": 0.9192045833267207,
          "precision": 0.9115828112455431,
          "recall": 0.9272349272349273,
          "support": 1924.0
        }
      },
      "eval_runtime": 5.0594,
      "eval_samples_per_second": 380.285,
      "eval_steps_per_second": 23.916,
      "step": 519
    }
  ],
  "max_steps": 5190,
  "num_train_epochs": 10,
  "total_flos": 868071611971200.0,
  "trial_name": null,
  "trial_params": null
}
