{
  "best_metric": 0.43837784775767835,
  "best_model_checkpoint": "trained adapters/trained_adapters_roberta_en/bezugnutzer/checkpoint-1038",
  "epoch": 2.0,
  "global_step": 1038,
  "is_hyper_param_search": false,
  "is_local_process_zero": true,
  "is_world_process_zero": true,
  "log_history": [
    {
      "epoch": 1.0,
      "learning_rate": 9e-05,
      "loss": 1.1955,
      "step": 519
    },
    {
      "epoch": 1.0,
      "eval_accuracy": 0.8768191268191268,
      "eval_loss": 1.0132007598876953,
      "eval_macro_f1": 0.44446201641925326,
      "eval_precision": 0.4444223065668865,
      "eval_recall": 0.447849025974026,
      "eval_report_csv": "              precision    recall  f1-score   support\n\n           0       0.85      0.96      0.90      1078\n           1       0.00      0.00      0.00        20\n           2       0.00      0.00      0.00        42\n           3       0.93      0.83      0.88       784\n\n    accuracy                           0.88      1924\n   macro avg       0.44      0.45      0.44      1924\nweighted avg       0.85      0.88      0.86      1924\n",
      "eval_report_dict": {
        "0": {
          "f1-score": 0.8993055555555556,
          "precision": 0.8450244698205547,
          "recall": 0.961038961038961,
          "support": 1078.0
        },
        "1": {
          "f1-score": 0.0,
          "precision": 0.0,
          "recall": 0.0,
          "support": 20.0
        },
        "2": {
          "f1-score": 0.0,
          "precision": 0.0,
          "recall": 0.0,
          "support": 42.0
        },
        "3": {
          "f1-score": 0.8785425101214575,
          "precision": 0.9326647564469914,
          "recall": 0.8303571428571429,
          "support": 784.0
        },
        "accuracy": 0.8768191268191268,
        "macro avg": {
          "f1-score": 0.44446201641925326,
          "precision": 0.4444223065668865,
          "recall": 0.447849025974026,
          "support": 1924.0
        },
        "weighted avg": {
          "f1-score": 0.8618652374345693,
          "precision": 0.8535060018300411,
          "recall": 0.8768191268191268,
          "support": 1924.0
        }
      },
      "eval_runtime": 5.0597,
      "eval_samples_per_second": 380.259,
      "eval_steps_per_second": 23.914,
      "step": 519
    },
    {
      "epoch": 2.0,
      "learning_rate": 8e-05,
      "loss": 1.0891,
      "step": 1038
    },
    {
      "epoch": 2.0,
      "eval_accuracy": 0.8648648648648649,
      "eval_loss": 1.0818995237350464,
      "eval_macro_f1": 0.43837784775767835,
      "eval_precision": 0.4323274704618689,
      "eval_recall": 0.44477620593692024,
      "eval_report_csv": "              precision    recall  f1-score   support\n\n           0       0.87      0.92      0.89      1078\n           1       0.00      0.00      0.00        20\n           2       0.00      0.00      0.00        42\n           3       0.86      0.86      0.86       784\n\n    accuracy                           0.86      1924\n   macro avg       0.43      0.44      0.44      1924\nweighted avg       0.84      0.86      0.85      1924\n",
      "eval_report_dict": {
        "0": {
          "f1-score": 0.8899909828674482,
          "precision": 0.8657894736842106,
          "recall": 0.9155844155844156,
          "support": 1078.0
        },
        "1": {
          "f1-score": 0.0,
          "precision": 0.0,
          "recall": 0.0,
          "support": 20.0
        },
        "2": {
          "f1-score": 0.0,
          "precision": 0.0,
          "recall": 0.0,
          "support": 42.0
        },
        "3": {
          "f1-score": 0.8635204081632653,
          "precision": 0.8635204081632653,
          "recall": 0.8635204081632653,
          "support": 784.0
        },
        "accuracy": 0.8648648648648649,
        "macro avg": {
          "f1-score": 0.43837784775767835,
          "precision": 0.4323274704618689,
          "recall": 0.44477620593692024,
          "support": 1924.0
        },
        "weighted avg": {
          "f1-score": 0.8505250933113873,
          "precision": 0.8369652040704672,
          "recall": 0.8648648648648649,
          "support": 1924.0
        }
      },
      "eval_runtime": 5.0592,
      "eval_samples_per_second": 380.3,
      "eval_steps_per_second": 23.917,
      "step": 1038
    }
  ],
  "max_steps": 5190,
  "num_train_epochs": 10,
  "total_flos": 1736143223942400.0,
  "trial_name": null,
  "trial_params": null
}
