{
  "best_metric": 0.38747043540501086,
  "best_model_checkpoint": "trained adapters/trained_adapters_roberta_en/frage/checkpoint-519",
  "epoch": 1.0,
  "global_step": 519,
  "is_hyper_param_search": false,
  "is_local_process_zero": true,
  "is_world_process_zero": true,
  "log_history": [
    {
      "epoch": 1.0,
      "learning_rate": 9e-05,
      "loss": 1.0991,
      "step": 519
    },
    {
      "epoch": 1.0,
      "eval_accuracy": 0.8331600831600832,
      "eval_loss": 0.9190822839736938,
      "eval_macro_f1": 0.38747043540501086,
      "eval_precision": 0.3662990651905173,
      "eval_recall": 0.5012515956249637,
      "eval_report_csv": "              precision    recall  f1-score   support\n\n           0       0.99      0.88      0.93      1711\n           1       0.15      0.20      0.17        76\n           2       0.05      0.02      0.03        52\n           3       0.27      0.91      0.42        85\n\n    accuracy                           0.83      1924\n   macro avg       0.37      0.50      0.39      1924\nweighted avg       0.90      0.83      0.86      1924\n",
      "eval_report_dict": {
        "0": {
          "f1-score": 0.9346951408232745,
          "precision": 0.993421052631579,
          "recall": 0.8825248392752776,
          "support": 1711.0
        },
        "1": {
          "f1-score": 0.16853932584269665,
          "precision": 0.14705882352941177,
          "recall": 0.19736842105263158,
          "support": 76.0
        },
        "2": {
          "f1-score": 0.028169014084507043,
          "precision": 0.05263157894736842,
          "recall": 0.019230769230769232,
          "support": 52.0
        },
        "3": {
          "f1-score": 0.4184782608695652,
          "precision": 0.27208480565371024,
          "recall": 0.9058823529411765,
          "support": 85.0
        },
        "accuracy": 0.8331600831600832,
        "macro avg": {
          "f1-score": 0.38747043540501086,
          "precision": 0.3662990651905173,
          "recall": 0.5012515956249637,
          "support": 1924.0
        },
        "weighted avg": {
          "f1-score": 0.8571246442926065,
          "precision": 0.9026943566666816,
          "recall": 0.8331600831600832,
          "support": 1924.0
        }
      },
      "eval_runtime": 5.0609,
      "eval_samples_per_second": 380.172,
      "eval_steps_per_second": 23.909,
      "step": 519
    }
  ],
  "max_steps": 5190,
  "num_train_epochs": 10,
  "total_flos": 868071611971200.0,
  "trial_name": null,
  "trial_params": null
}
