{
  "best_metric": 0.4516689882105943,
  "best_model_checkpoint": "trained_adapters_multi/bezugnutzer/checkpoint-1062",
  "epoch": 2.0,
  "global_step": 1062,
  "is_hyper_param_search": false,
  "is_local_process_zero": true,
  "is_world_process_zero": true,
  "log_history": [
    {
      "epoch": 1.0,
      "learning_rate": 9e-05,
      "loss": 1.1409,
      "step": 531
    },
    {
      "epoch": 1.0,
      "eval_accuracy": 0.8933673469387755,
      "eval_loss": 0.9560399651527405,
      "eval_macro_f1": 0.4530212721002195,
      "eval_precision": 0.45399522279409676,
      "eval_recall": 0.45571231201900364,
      "eval_report_csv": "              precision    recall  f1-score   support\n\n           0       0.86      0.98      0.91      1111\n           1       0.00      0.00      0.00        20\n           2       0.00      0.00      0.00        42\n           3       0.96      0.85      0.90       787\n\n    accuracy                           0.89      1960\n   macro avg       0.45      0.46      0.45      1960\nweighted avg       0.87      0.89      0.88      1960\n",
      "eval_report_dict": {
        "0": {
          "f1-score": 0.9132996632996633,
          "precision": 0.857707509881423,
          "recall": 0.9765976597659766,
          "support": 1111.0
        },
        "1": {
          "f1-score": 0.0,
          "precision": 0.0,
          "recall": 0.0,
          "support": 20.0
        },
        "2": {
          "f1-score": 0.0,
          "precision": 0.0,
          "recall": 0.0,
          "support": 42.0
        },
        "3": {
          "f1-score": 0.8987854251012146,
          "precision": 0.958273381294964,
          "recall": 0.8462515883100381,
          "support": 787.0
        },
        "accuracy": 0.8933673469387755,
        "macro avg": {
          "f1-score": 0.4530212721002195,
          "precision": 0.45399522279409676,
          "recall": 0.45571231201900364,
          "support": 1960.0
        },
        "weighted avg": {
          "f1-score": 0.8785816609594804,
          "precision": 0.870956221712958,
          "recall": 0.8933673469387755,
          "support": 1960.0
        }
      },
      "eval_runtime": 36.4922,
      "eval_samples_per_second": 53.71,
      "eval_steps_per_second": 3.371,
      "step": 531
    },
    {
      "epoch": 2.0,
      "learning_rate": 8e-05,
      "loss": 1.0443,
      "step": 1062
    },
    {
      "epoch": 2.0,
      "eval_accuracy": 0.8908163265306123,
      "eval_loss": 1.1489914655685425,
      "eval_macro_f1": 0.4516689882105943,
      "eval_precision": 0.4479267153893052,
      "eval_recall": 0.4565326291205995,
      "eval_report_csv": "              precision    recall  f1-score   support\n\n           0       0.87      0.95      0.91      1111\n           1       0.00      0.00      0.00        20\n           2       0.00      0.00      0.00        42\n           3       0.92      0.87      0.89       787\n\n    accuracy                           0.89      1960\n   macro avg       0.45      0.46      0.45      1960\nweighted avg       0.86      0.89      0.88      1960\n",
      "eval_report_dict": {
        "0": {
          "f1-score": 0.9121447028423771,
          "precision": 0.8744838976052849,
          "recall": 0.9531953195319532,
          "support": 1111.0
        },
        "1": {
          "f1-score": 0.0,
          "precision": 0.0,
          "recall": 0.0,
          "support": 20.0
        },
        "2": {
          "f1-score": 0.0,
          "precision": 0.0,
          "recall": 0.0,
          "support": 42.0
        },
        "3": {
          "f1-score": 0.89453125,
          "precision": 0.9172229639519359,
          "recall": 0.8729351969504447,
          "support": 787.0
        },
        "accuracy": 0.8908163265306123,
        "macro avg": {
          "f1-score": 0.4516689882105943,
          "precision": 0.4479267153893052,
          "recall": 0.4565326291205995,
          "support": 1960.0
        },
        "weighted avg": {
          "f1-score": 0.8762188054121842,
          "precision": 0.8639826953416557,
          "recall": 0.8908163265306123,
          "support": 1960.0
        }
      },
      "eval_runtime": 36.2203,
      "eval_samples_per_second": 54.113,
      "eval_steps_per_second": 3.396,
      "step": 1062
    }
  ],
  "max_steps": 5310,
  "num_train_epochs": 10,
  "total_flos": 4547850387824640.0,
  "trial_name": null,
  "trial_params": null
}
