{
  "best_metric": 0.28794658691666947,
  "best_model_checkpoint": "trained_adapters_multi/respekt/checkpoint-531",
  "epoch": 1.0,
  "global_step": 531,
  "is_hyper_param_search": false,
  "is_local_process_zero": true,
  "is_world_process_zero": true,
  "log_history": [
    {
      "epoch": 1.0,
      "learning_rate": 9e-05,
      "loss": 1.3209,
      "step": 531
    },
    {
      "epoch": 1.0,
      "eval_accuracy": 0.8933673469387755,
      "eval_loss": 1.3427014350891113,
      "eval_macro_f1": 0.28794658691666947,
      "eval_precision": 0.27970303944574815,
      "eval_recall": 0.29670868347338936,
      "eval_report_csv": "              precision    recall  f1-score   support\n\n           0       0.92      0.97      0.95      1785\n           1       0.00      0.00      0.00        35\n           2       0.00      0.00      0.00        70\n           3       0.20      0.21      0.21        70\n\n    accuracy                           0.89      1960\n   macro avg       0.28      0.30      0.29      1960\nweighted avg       0.85      0.89      0.87      1960\n",
      "eval_report_dict": {
        "0": {
          "f1-score": 0.9463068956118834,
          "precision": 0.921443736730361,
          "recall": 0.9725490196078431,
          "support": 1785.0
        },
        "1": {
          "f1-score": 0.0,
          "precision": 0.0,
          "recall": 0.0,
          "support": 35.0
        },
        "2": {
          "f1-score": 0.0,
          "precision": 0.0,
          "recall": 0.0,
          "support": 70.0
        },
        "3": {
          "f1-score": 0.20547945205479454,
          "precision": 0.19736842105263158,
          "recall": 0.21428571428571427,
          "support": 70.0
        },
        "accuracy": 0.8933673469387755,
        "macro avg": {
          "f1-score": 0.28794658691666947,
          "precision": 0.27970303944574815,
          "recall": 0.29670868347338936,
          "support": 1960.0
        },
        "weighted avg": {
          "f1-score": 0.8691537603627794,
          "precision": 0.8462208467027441,
          "recall": 0.8933673469387755,
          "support": 1960.0
        }
      },
      "eval_runtime": 14.9927,
      "eval_samples_per_second": 130.73,
      "eval_steps_per_second": 8.204,
      "step": 531
    }
  ],
  "max_steps": 5310,
  "num_train_epochs": 10,
  "total_flos": 2273925193912320.0,
  "trial_name": null,
  "trial_params": null
}
