{
  "best_metric": 0.26174443917173223,
  "best_model_checkpoint": "trained adapters/trained_adapters_roberta_en/diskriminierung/checkpoint-1038",
  "epoch": 2.0,
  "global_step": 1038,
  "is_hyper_param_search": false,
  "is_local_process_zero": true,
  "is_world_process_zero": true,
  "log_history": [
    {
      "epoch": 1.0,
      "learning_rate": 9e-05,
      "loss": 1.3338,
      "step": 519
    },
    {
      "epoch": 1.0,
      "eval_accuracy": 0.8986486486486487,
      "eval_loss": 1.1967436075210571,
      "eval_macro_f1": 0.2766281157117213,
      "eval_precision": 0.2626907513828803,
      "eval_recall": 0.31005548643585457,
      "eval_report_csv": "              precision    recall  f1-score   support\n\n           0       0.94      0.96      0.95      1793\n           1       0.00      0.00      0.00        58\n           2       0.00      0.00      0.00        34\n           3       0.11      0.28      0.16        39\n\n    accuracy                           0.90      1924\n   macro avg       0.26      0.31      0.28      1924\nweighted avg       0.88      0.90      0.89      1924\n",
      "eval_report_dict": {
        "0": {
          "f1-score": 0.9504840940525588,
          "precision": 0.9429198682766191,
          "recall": 0.9581706636921361,
          "support": 1793.0
        },
        "1": {
          "f1-score": 0.0,
          "precision": 0.0,
          "recall": 0.0,
          "support": 58.0
        },
        "2": {
          "f1-score": 0.0,
          "precision": 0.0,
          "recall": 0.0,
          "support": 34.0
        },
        "3": {
          "f1-score": 0.15602836879432624,
          "precision": 0.10784313725490197,
          "recall": 0.28205128205128205,
          "support": 39.0
        },
        "accuracy": 0.8986486486486487,
        "macro avg": {
          "f1-score": 0.2766281157117213,
          "precision": 0.2626907513828803,
          "recall": 0.31005548643585457,
          "support": 1924.0
        },
        "weighted avg": {
          "f1-score": 0.8889309184091563,
          "precision": 0.8809049928133676,
          "recall": 0.8986486486486487,
          "support": 1924.0
        }
      },
      "eval_runtime": 5.0582,
      "eval_samples_per_second": 380.371,
      "eval_steps_per_second": 23.921,
      "step": 519
    },
    {
      "epoch": 2.0,
      "learning_rate": 8e-05,
      "loss": 1.2651,
      "step": 1038
    },
    {
      "epoch": 2.0,
      "eval_accuracy": 0.7531185031185031,
      "eval_loss": 1.2181611061096191,
      "eval_macro_f1": 0.26174443917173223,
      "eval_precision": 0.29903552660562005,
      "eval_recall": 0.31467927390288297,
      "eval_report_csv": "              precision    recall  f1-score   support\n\n           0       0.96      0.79      0.87      1793\n           1       0.06      0.41      0.10        58\n           2       0.00      0.00      0.00        34\n           3       0.18      0.05      0.08        39\n\n    accuracy                           0.75      1924\n   macro avg       0.30      0.31      0.26      1924\nweighted avg       0.90      0.75      0.81      1924\n",
      "eval_report_dict": {
        "0": {
          "f1-score": 0.8682123245881636,
          "precision": 0.9582491582491582,
          "recall": 0.7936419408812047,
          "support": 1793.0
        },
        "1": {
          "f1-score": 0.09876543209876543,
          "precision": 0.056074766355140186,
          "recall": 0.41379310344827586,
          "support": 58.0
        },
        "2": {
          "f1-score": 0.0,
          "precision": 0.0,
          "recall": 0.0,
          "support": 34.0
        },
        "3": {
          "f1-score": 0.08,
          "precision": 0.18181818181818182,
          "recall": 0.05128205128205128,
          "support": 39.0
        },
        "accuracy": 0.7531185031185031,
        "macro avg": {
          "f1-score": 0.26174443917173223,
          "precision": 0.29903552660562005,
          "recall": 0.31467927390288297,
          "support": 1924.0
        },
        "weighted avg": {
          "f1-score": 0.8136970338088906,
          "precision": 0.898380450249609,
          "recall": 0.7531185031185031,
          "support": 1924.0
        }
      },
      "eval_runtime": 5.056,
      "eval_samples_per_second": 380.54,
      "eval_steps_per_second": 23.932,
      "step": 1038
    }
  ],
  "max_steps": 5190,
  "num_train_epochs": 10,
  "total_flos": 1736143223942400.0,
  "trial_name": null,
  "trial_params": null
}
