{
  "best_metric": 0.2829936499972871,
  "best_model_checkpoint": "trained_adapters_multi/sarkasmus/checkpoint-531",
  "epoch": 1.0,
  "global_step": 531,
  "is_hyper_param_search": false,
  "is_local_process_zero": true,
  "is_world_process_zero": true,
  "log_history": [
    {
      "epoch": 1.0,
      "learning_rate": 9e-05,
      "loss": 1.3867,
      "step": 531
    },
    {
      "epoch": 1.0,
      "eval_accuracy": 0.4959183673469388,
      "eval_loss": 1.3747515678405762,
      "eval_macro_f1": 0.2829936499972871,
      "eval_precision": 0.3365776344595935,
      "eval_recall": 0.307214777101638,
      "eval_report_csv": "              precision    recall  f1-score   support\n\n           0       0.64      0.75      0.69      1160\n           1       0.12      0.27      0.16       161\n           2       0.14      0.13      0.13       164\n           3       0.45      0.09      0.14       475\n\n    accuracy                           0.50      1960\n   macro avg       0.34      0.31      0.28      1960\nweighted avg       0.51      0.50      0.47      1960\n",
      "eval_report_dict": {
        "0": {
          "f1-score": 0.6913875598086124,
          "precision": 0.6431750741839762,
          "recall": 0.7474137931034482,
          "support": 1160.0
        },
        "1": {
          "f1-score": 0.16135084427767354,
          "precision": 0.11559139784946236,
          "recall": 0.2670807453416149,
          "support": 161.0
        },
        "2": {
          "f1-score": 0.1346153846153846,
          "precision": 0.14189189189189189,
          "recall": 0.12804878048780488,
          "support": 164.0
        },
        "3": {
          "f1-score": 0.14462081128747792,
          "precision": 0.44565217391304346,
          "recall": 0.0863157894736842,
          "support": 475.0
        },
        "accuracy": 0.4959183673469388,
        "macro avg": {
          "f1-score": 0.2829936499972871,
          "precision": 0.3365776344595935,
          "recall": 0.307214777101638,
          "support": 1960.0
        },
        "weighted avg": {
          "f1-score": 0.46875452231896475,
          "precision": 0.5100246704010928,
          "recall": 0.4959183673469388,
          "support": 1960.0
        }
      },
      "eval_runtime": 16.5089,
      "eval_samples_per_second": 118.724,
      "eval_steps_per_second": 7.451,
      "step": 531
    }
  ],
  "max_steps": 5310,
  "num_train_epochs": 10,
  "total_flos": 2273925193912320.0,
  "trial_name": null,
  "trial_params": null
}
