{
  "best_metric": 0.3254320176954448,
  "best_model_checkpoint": "trained adapters/trained_adapters_roberta_en/l\u00f6sungsvorschlag/checkpoint-519",
  "epoch": 1.0,
  "global_step": 519,
  "is_hyper_param_search": false,
  "is_local_process_zero": true,
  "is_world_process_zero": true,
  "log_history": [
    {
      "epoch": 1.0,
      "learning_rate": 9e-05,
      "loss": 1.2825,
      "step": 519
    },
    {
      "epoch": 1.0,
      "eval_accuracy": 0.8414760914760915,
      "eval_loss": 1.8681354522705078,
      "eval_macro_f1": 0.3254320176954448,
      "eval_precision": 0.42102208886849646,
      "eval_recall": 0.3173288160775798,
      "eval_report_csv": "              precision    recall  f1-score   support\n\n           0       0.89      0.96      0.92      1641\n           1       0.29      0.25      0.27       183\n           2       0.00      0.00      0.00        67\n           3       0.50      0.06      0.11        33\n\n    accuracy                           0.84      1924\n   macro avg       0.42      0.32      0.33      1924\nweighted avg       0.80      0.84      0.81      1924\n",
      "eval_report_dict": {
        "0": {
          "f1-score": 0.9230317273795534,
          "precision": 0.8910947249007374,
          "recall": 0.9573430834856794,
          "support": 1641.0
        },
        "1": {
          "f1-score": 0.27058823529411763,
          "precision": 0.2929936305732484,
          "recall": 0.25136612021857924,
          "support": 183.0
        },
        "2": {
          "f1-score": 0.0,
          "precision": 0.0,
          "recall": 0.0,
          "support": 67.0
        },
        "3": {
          "f1-score": 0.10810810810810813,
          "precision": 0.5,
          "recall": 0.06060606060606061,
          "support": 33.0
        },
        "accuracy": 0.8414760914760915,
        "macro avg": {
          "f1-score": 0.3254320176954448,
          "precision": 0.42102208886849646,
          "recall": 0.3173288160775798,
          "support": 1924.0
        },
        "weighted avg": {
          "f1-score": 0.8148546149980448,
          "precision": 0.7964679199360782,
          "recall": 0.8414760914760915,
          "support": 1924.0
        }
      },
      "eval_runtime": 5.0622,
      "eval_samples_per_second": 380.075,
      "eval_steps_per_second": 23.903,
      "step": 519
    }
  ],
  "max_steps": 5190,
  "num_train_epochs": 10,
  "total_flos": 868071611971200.0,
  "trial_name": null,
  "trial_params": null
}
