{
  "best_metric": 0.2902166464145227,
  "best_model_checkpoint": "trained_adapters_multi/meinung/checkpoint-531",
  "epoch": 1.0,
  "global_step": 531,
  "is_hyper_param_search": false,
  "is_local_process_zero": true,
  "is_world_process_zero": true,
  "log_history": [
    {
      "epoch": 1.0,
      "learning_rate": 9e-05,
      "loss": 1.3173,
      "step": 531
    },
    {
      "epoch": 1.0,
      "eval_accuracy": 0.5571428571428572,
      "eval_loss": 1.3151878118515015,
      "eval_macro_f1": 0.2902166464145227,
      "eval_precision": 0.29338711649522603,
      "eval_recall": 0.3497644417927242,
      "eval_report_csv": "              precision    recall  f1-score   support\n\n           0       0.28      0.75      0.41       325\n           1       0.00      0.00      0.00       153\n           2       0.04      0.04      0.04        98\n           3       0.86      0.61      0.71      1384\n\n    accuracy                           0.56      1960\n   macro avg       0.29      0.35      0.29      1960\nweighted avg       0.65      0.56      0.57      1960\n",
      "eval_report_dict": {
        "0": {
          "f1-score": 0.4104729729729729,
          "precision": 0.2828870779976717,
          "recall": 0.7476923076923077,
          "support": 325.0
        },
        "1": {
          "f1-score": 0.0,
          "precision": 0.0,
          "recall": 0.0,
          "support": 153.0
        },
        "2": {
          "f1-score": 0.037914691943127965,
          "precision": 0.035398230088495575,
          "recall": 0.04081632653061224,
          "support": 98.0
        },
        "3": {
          "f1-score": 0.7124789207419899,
          "precision": 0.8552631578947368,
          "recall": 0.6105491329479769,
          "support": 1384.0
        },
        "accuracy": 0.5571428571428572,
        "macro avg": {
          "f1-score": 0.2902166464145227,
          "precision": 0.29338711649522603,
          "recall": 0.3497644417927242,
          "support": 1960.0
        },
        "weighted avg": {
          "f1-score": 0.5730562154763045,
          "precision": 0.6525977231756285,
          "recall": 0.5571428571428572,
          "support": 1960.0
        }
      },
      "eval_runtime": 14.9616,
      "eval_samples_per_second": 131.002,
      "eval_steps_per_second": 8.221,
      "step": 531
    }
  ],
  "max_steps": 5310,
  "num_train_epochs": 10,
  "total_flos": 2273925193912320.0,
  "trial_name": null,
  "trial_params": null
}
