{
  "best_metric": 0.47969703813501263,
  "best_model_checkpoint": "trained adapters/trained_adapters_roberta_en/zusatzwissen/checkpoint-1557",
  "epoch": 3.0,
  "global_step": 1557,
  "is_hyper_param_search": false,
  "is_local_process_zero": true,
  "is_world_process_zero": true,
  "log_history": [
    {
      "epoch": 1.0,
      "learning_rate": 9e-05,
      "loss": 1.199,
      "step": 519
    },
    {
      "epoch": 1.0,
      "eval_accuracy": 0.7978170478170478,
      "eval_loss": 1.0199471712112427,
      "eval_macro_f1": 0.510591197681597,
      "eval_precision": 0.492604859490284,
      "eval_recall": 0.5443687078298022,
      "eval_report_csv": "              precision    recall  f1-score   support\n\n           0       0.92      0.88      0.90      1608\n           1       0.21      0.15      0.17       121\n           2       0.26      0.42      0.32       137\n           3       0.58      0.72      0.65        58\n\n    accuracy                           0.80      1924\n   macro avg       0.49      0.54      0.51      1924\nweighted avg       0.82      0.80      0.80      1924\n",
      "eval_report_dict": {
        "0": {
          "f1-score": 0.8991116751269036,
          "precision": 0.9177461139896373,
          "recall": 0.8812189054726368,
          "support": 1608.0
        },
        "1": {
          "f1-score": 0.17307692307692307,
          "precision": 0.20689655172413793,
          "recall": 0.1487603305785124,
          "support": 121.0
        },
        "2": {
          "f1-score": 0.3240223463687151,
          "precision": 0.26244343891402716,
          "recall": 0.4233576642335766,
          "support": 137.0
        },
        "3": {
          "f1-score": 0.6461538461538462,
          "precision": 0.5833333333333334,
          "recall": 0.7241379310344828,
          "support": 58.0
        },
        "accuracy": 0.7978170478170478,
        "macro avg": {
          "f1-score": 0.510591197681597,
          "precision": 0.492604859490284,
          "recall": 0.5443687078298022,
          "support": 1924.0
        },
        "weighted avg": {
          "f1-score": 0.8048762296391921,
          "precision": 0.8162985023484991,
          "recall": 0.7978170478170478,
          "support": 1924.0
        }
      },
      "eval_runtime": 5.0621,
      "eval_samples_per_second": 380.077,
      "eval_steps_per_second": 23.903,
      "step": 519
    },
    {
      "epoch": 2.0,
      "learning_rate": 8e-05,
      "loss": 1.0379,
      "step": 1038
    },
    {
      "epoch": 2.0,
      "eval_accuracy": 0.6626819126819127,
      "eval_loss": 0.9348389506340027,
      "eval_macro_f1": 0.5026778433590793,
      "eval_precision": 0.4894907939408658,
      "eval_recall": 0.5934480257258057,
      "eval_report_csv": "              precision    recall  f1-score   support\n\n           0       0.96      0.69      0.80      1608\n           1       0.12      0.47      0.19       121\n           2       0.30      0.45      0.36       137\n           3       0.58      0.76      0.66        58\n\n    accuracy                           0.66      1924\n   macro avg       0.49      0.59      0.50      1924\nweighted avg       0.85      0.66      0.73      1924\n",
      "eval_report_dict": {
        "0": {
          "f1-score": 0.804049168474331,
          "precision": 0.9602763385146805,
          "recall": 0.6915422885572139,
          "support": 1608.0
        },
        "1": {
          "f1-score": 0.18842975206611567,
          "precision": 0.11776859504132231,
          "recall": 0.47107438016528924,
          "support": 121.0
        },
        "2": {
          "f1-score": 0.36151603498542273,
          "precision": 0.30097087378640774,
          "recall": 0.45255474452554745,
          "support": 137.0
        },
        "3": {
          "f1-score": 0.6567164179104478,
          "precision": 0.5789473684210527,
          "recall": 0.7586206896551724,
          "support": 58.0
        },
        "accuracy": 0.6626819126819127,
        "macro avg": {
          "f1-score": 0.5026778433590793,
          "precision": 0.4894907939408658,
          "recall": 0.5934480257258057,
          "support": 1924.0
        },
        "weighted avg": {
          "f1-score": 0.729380619510672,
          "precision": 0.8488494331646389,
          "recall": 0.6626819126819127,
          "support": 1924.0
        }
      },
      "eval_runtime": 5.0683,
      "eval_samples_per_second": 379.617,
      "eval_steps_per_second": 23.874,
      "step": 1038
    },
    {
      "epoch": 3.0,
      "learning_rate": 7e-05,
      "loss": 0.9687,
      "step": 1557
    },
    {
      "epoch": 3.0,
      "eval_accuracy": 0.6902286902286903,
      "eval_loss": 0.9622951745986938,
      "eval_macro_f1": 0.47969703813501263,
      "eval_precision": 0.489877313920293,
      "eval_recall": 0.5587034681222134,
      "eval_report_csv": "              precision    recall  f1-score   support\n\n           0       0.96      0.73      0.83      1608\n           1       0.10      0.08      0.09       121\n           2       0.19      0.73      0.30       137\n           3       0.71      0.69      0.70        58\n\n    accuracy                           0.69      1924\n   macro avg       0.49      0.56      0.48      1924\nweighted avg       0.84      0.69      0.74      1924\n",
      "eval_report_dict": {
        "0": {
          "f1-score": 0.8298696724198662,
          "precision": 0.9569455727051178,
          "recall": 0.7325870646766169,
          "support": 1608.0
        },
        "1": {
          "f1-score": 0.09174311926605504,
          "precision": 0.10309278350515463,
          "recall": 0.08264462809917356,
          "support": 121.0
        },
        "2": {
          "f1-score": 0.29542097488921715,
          "precision": 0.18518518518518517,
          "recall": 0.7299270072992701,
          "support": 137.0
        },
        "3": {
          "f1-score": 0.7017543859649122,
          "precision": 0.7142857142857143,
          "recall": 0.6896551724137931,
          "support": 58.0
        },
        "accuracy": 0.6902286902286903,
        "macro avg": {
          "f1-score": 0.47969703813501263,
          "precision": 0.489877313920293,
          "recall": 0.5587034681222134,
          "support": 1924.0
        },
        "weighted avg": {
          "f1-score": 0.7415310699730381,
          "precision": 0.8409779883123154,
          "recall": 0.6902286902286903,
          "support": 1924.0
        }
      },
      "eval_runtime": 5.0596,
      "eval_samples_per_second": 380.266,
      "eval_steps_per_second": 23.915,
      "step": 1557
    }
  ],
  "max_steps": 5190,
  "num_train_epochs": 10,
  "total_flos": 2604214835913600.0,
  "trial_name": null,
  "trial_params": null
}
